{"cameraMode":{"drawMode":0,"name":"Shaded","section":"Shading Mode"},"sceneLighting":false,"audioPlay":false,"sceneViewState":{"showFog":true,"showMaterialUpdate":false,"showSkybox":false,"showFlares":true,"showImageEffects":true,"showParticleSystems":true},"in2DMode":false,"pivot":{"x":0.0,"y":1.2566121816635132,"z":0.0000026226043701171877},"rotation":{"x":-0.2932806611061096,"y":0.12487301230430603,"z":-0.03866983950138092,"w":-0.9470593929290772},"size":4.222411155700684,"orthographic":false}