{"cameraMode":{"drawMode":0,"name":"Shaded","section":"Shading Mode"},"sceneLighting":false,"audioPlay":false,"sceneViewState":{"showFog":true,"showMaterialUpdate":false,"showSkybox":false,"showFlares":true,"showImageEffects":true,"showParticleSystems":true},"in2DMode":false,"pivot":{"x":-0.40000009536743166,"y":0.9250001907348633,"z":-1.0850000381469727},"rotation":{"x":-0.1961277276277542,"y":0.5570825338363648,"z":-0.1373920887708664,"w":-0.7952002882957459},"size":24.831546783447267,"orthographic":false}