{"cameraMode":{"drawMode":0,"name":"Shaded","section":"Shading Mode"},"sceneLighting":false,"audioPlay":false,"sceneViewState":{"showFog":true,"showMaterialUpdate":false,"showSkybox":false,"showFlares":true,"showImageEffects":true,"showParticleSystems":true},"in2DMode":false,"pivot":{"x":-0.0007827281951904297,"y":1.2352755069732667,"z":0.02133941650390625},"rotation":{"x":-0.2932806611061096,"y":0.12487301230430603,"z":-0.03866983950138092,"w":-0.9470593929290772},"size":17.60002899169922,"orthographic":false}