{"cameraMode":{"drawMode":0,"name":"Shaded","section":"Shading Mode"},"sceneLighting":false,"audioPlay":false,"sceneViewState":{"showFog":true,"showMaterialUpdate":false,"showSkybox":false,"showFlares":true,"showImageEffects":true,"showParticleSystems":true},"in2DMode":false,"pivot":{"x":0.4349994659423828,"y":1.0144362449645997,"z":-1.7804908752441407},"rotation":{"x":-0.1961277276277542,"y":0.5570825338363648,"z":-0.1373920887708664,"w":-0.7952002882957459},"size":24.823936462402345,"orthographic":false}