{"cameraMode":{"drawMode":0,"name":"Shaded","section":"Shading Mode"},"sceneLighting":false,"audioPlay":false,"sceneViewState":{"showFog":true,"showMaterialUpdate":false,"showSkybox":false,"showFlares":true,"showImageEffects":true,"showParticleSystems":true},"in2DMode":false,"pivot":{"x":0.37999963760375979,"y":0.7997784614562988,"z":-3.6800007820129396},"rotation":{"x":-0.1961277276277542,"y":0.5570825338363648,"z":-0.1373920887708664,"w":-0.7952002882957459},"size":24.935972213745118,"orthographic":false}