{"cameraMode":{"drawMode":0,"name":"Shaded","section":"Shading Mode"},"sceneLighting":false,"audioPlay":false,"sceneViewState":{"showFog":true,"showMaterialUpdate":false,"showSkybox":false,"showFlares":true,"showImageEffects":true,"showParticleSystems":true},"in2DMode":false,"pivot":{"x":0.7549996376037598,"y":1.2379369735717774,"z":-2.589996337890625},"rotation":{"x":-0.1961277276277542,"y":0.5570825338363648,"z":-0.1373920887708664,"w":-0.7952002882957459},"size":25.112117767333986,"orthographic":false}