{"cameraMode":{"drawMode":0,"name":"Shaded","section":"Shading Mode"},"sceneLighting":false,"audioPlay":false,"sceneViewState":{"showFog":true,"showMaterialUpdate":false,"showSkybox":false,"showFlares":true,"showImageEffects":true,"showParticleSystems":true},"in2DMode":false,"pivot":{"x":-9.999995231628418,"y":0.6271202564239502,"z":0.000030517578125},"rotation":{"x":-0.26605698466300967,"y":0.29933929443359377,"z":-0.08731276541948319,"w":-0.9121450781822205},"size":14.844873428344727,"orthographic":false}