{"cameraMode":{"drawMode":0,"name":"Shaded","section":"Shading Mode"},"sceneLighting":false,"audioPlay":false,"sceneViewState":{"showFog":true,"showMaterialUpdate":false,"showSkybox":false,"showFlares":true,"showImageEffects":true,"showParticleSystems":true},"in2DMode":false,"pivot":{"x":0.06500053405761719,"y":0.875,"z":-1.8449974060058594},"rotation":{"x":-0.1961277276277542,"y":0.5570825338363648,"z":-0.1373920887708664,"w":-0.7952002882957459},"size":24.815113067626954,"orthographic":false}